{
  "type": "rectangle",
  "center": {
    "x": 137.30553301889842,
    "y": 140.89462342866736,
    "z": 0
  },
  "width": 224.45427226704382,
  "height": 190.19546228944222,
  "corner_points": [
    {
      "x": 25.078396885376492,
      "y": 45.796892283946235
    },
    {
      "x": 249.5326691524203,
      "y": 45.796892283946235
    },
    {
      "x": 249.5326691524203,
      "y": 235.99235457338847
    },
    {
      "x": 25.078396885376492,
      "y": 235.99235457338847
    }
  ]
}