{
  "type": "rectangle",
  "center": {
    "x": 112.91896122826103,
    "y": 60.24181888710481,
    "z": 0
  },
  "width": 166.16881257412416,
  "height": 98.21874051779076,
  "corner_points": [
    {
      "x": 29.834554941198945,
      "y": 11.132448628209424
    },
    {
      "x": 196.0033675153231,
      "y": 11.132448628209424
    },
    {
      "x": 196.0033675153231,
      "y": 109.3511891460002
    },
    {
      "x": 29.834554941198945,
      "y": 109.3511891460002
    }
  ]
}